entidad,municipio,municipio_nombre,seccion,section_id,distrito_local,distrito_federal
11,020,LEON,1261,110201261,3,
11,020,LEON,1262,110201262,3,
11,020,LEON,1263,110201263,3,
11,020,LEON,1264,110201264,3,
11,020,LEON,1265,110201265,3,
11,020,LEON,1266,110201266,3,
11,020,LEON,1267,110201267,3,
11,020,LEON,1269,110201269,3,
11,020,LEON,1270,110201270,3,
11,020,LEON,1271,110201271,3,
11,020,LEON,1272,110201272,3,
11,020,LEON,1273,110201273,3,
11,020,LEON,1274,110201274,3,
11,020,LEON,1275,110201275,3,
11,020,LEON,1276,110201276,3,
11,020,LEON,1277,110201277,3,
11,020,LEON,1279,110201279,3,
11,020,LEON,1280,110201280,3,
11,020,LEON,1281,110201281,3,
11,020,LEON,1283,110201283,3,
11,020,LEON,1286,110201286,3,
11,020,LEON,1287,110201287,3,
11,020,LEON,1288,110201288,3,
11,020,LEON,1289,110201289,3,
11,020,LEON,1290,110201290,3,
11,020,LEON,1291,110201291,3,
11,020,LEON,1292,110201292,3,
11,020,LEON,1293,110201293,3,
11,020,LEON,1294,110201294,3,
11,020,LEON,1295,110201295,3,
11,020,LEON,1296,110201296,3,
11,020,LEON,1297,110201297,6,
11,020,LEON,1298,110201298,6,
11,020,LEON,1299,110201299,3,
11,020,LEON,1300,110201300,3,
11,020,LEON,1301,110201301,3,
11,020,LEON,1302,110201302,3,
11,020,LEON,1303,110201303,3,
11,020,LEON,1304,110201304,3,
11,020,LEON,1305,110201305,3,
11,020,LEON,1306,110201306,3,
11,020,LEON,1307,110201307,3,
11,020,LEON,1308,110201308,6,
11,020,LEON,1309,110201309,6,
11,020,LEON,1310,110201310,3,
11,020,LEON,1311,110201311,3,
11,020,LEON,1312,110201312,3,
11,020,LEON,1313,110201313,3,
11,020,LEON,1314,110201314,3,
11,020,LEON,1315,110201315,3,
11,020,LEON,1316,110201316,3,
11,020,LEON,1317,110201317,3,
11,020,LEON,1318,110201318,3,
11,020,LEON,1319,110201319,3,
11,020,LEON,1320,110201320,3,
11,020,LEON,1321,110201321,3,
11,020,LEON,1322,110201322,6,
11,020,LEON,1323,110201323,6,
11,020,LEON,1324,110201324,6,
11,020,LEON,1325,110201325,3,
11,020,LEON,1326,110201326,3,
11,020,LEON,1327,110201327,3,
11,020,LEON,1328,110201328,3,
11,020,LEON,1329,110201329,3,
11,020,LEON,1330,110201330,3,
11,020,LEON,1331,110201331,3,
11,020,LEON,1332,110201332,3,
11,020,LEON,1333,110201333,6,
11,020,LEON,1334,110201334,6,
11,020,LEON,1335,110201335,6,
11,020,LEON,1336,110201336,6,
11,020,LEON,1337,110201337,3,
11,020,LEON,1338,110201338,3,
11,020,LEON,1339,110201339,3,
11,020,LEON,1340,110201340,3,
11,020,LEON,1341,110201341,3,
11,020,LEON,1342,110201342,3,
11,020,LEON,1343,110201343,6,
11,020,LEON,1344,110201344,6,
11,020,LEON,1345,110201345,6,
11,020,LEON,1346,110201346,6,
11,020,LEON,1347,110201347,6,
11,020,LEON,1348,110201348,6,
11,020,LEON,1349,110201349,6,
11,020,LEON,1350,110201350,3,
11,020,LEON,1351,110201351,3,
11,020,LEON,1352,110201352,3,
11,020,LEON,1353,110201353,3,
11,020,LEON,1354,110201354,3,
11,020,LEON,1355,110201355,3,
11,020,LEON,1356,110201356,3,
11,020,LEON,1357,110201357,3,
11,020,LEON,1358,110201358,3,
11,020,LEON,1359,110201359,3,
11,020,LEON,1360,110201360,3,
11,020,LEON,1361,110201361,3,
11,020,LEON,1362,110201362,3,
11,020,LEON,1363,110201363,3,
11,020,LEON,1364,110201364,6,
11,020,LEON,1365,110201365,6,
11,020,LEON,1366,110201366,6,
11,020,LEON,1367,110201367,6,
11,020,LEON,1368,110201368,6,
11,020,LEON,1369,110201369,6,
11,020,LEON,1370,110201370,3,
11,020,LEON,1371,110201371,3,
11,020,LEON,1372,110201372,3,
11,020,LEON,1373,110201373,3,
11,020,LEON,1374,110201374,3,
11,020,LEON,1375,110201375,3,
11,020,LEON,1376,110201376,3,
11,020,LEON,1377,110201377,3,
11,020,LEON,1378,110201378,3,
11,020,LEON,1379,110201379,3,
11,020,LEON,1380,110201380,3,
11,020,LEON,1381,110201381,6,
11,020,LEON,1382,110201382,6,
11,020,LEON,1383,110201383,6,
11,020,LEON,1384,110201384,6,
11,020,LEON,1385,110201385,3,
11,020,LEON,1386,110201386,6,
11,020,LEON,1387,110201387,6,
11,020,LEON,1388,110201388,6,
11,020,LEON,1389,110201389,6,
11,020,LEON,1390,110201390,6,
11,020,LEON,1391,110201391,6,
11,020,LEON,1393,110201393,6,
11,020,LEON,1394,110201394,6,
11,020,LEON,1395,110201395,6,
11,020,LEON,1396,110201396,6,
11,020,LEON,1397,110201397,6,
11,020,LEON,1398,110201398,3,
11,020,LEON,1399,110201399,3,
11,020,LEON,1400,110201400,3,
11,020,LEON,1401,110201401,3,
11,020,LEON,1402,110201402,3,
11,020,LEON,1403,110201403,3,
11,020,LEON,1404,110201404,3,
11,020,LEON,1405,110201405,3,
11,020,LEON,1406,110201406,6,
11,020,LEON,1407,110201407,6,
11,020,LEON,1408,110201408,6,
11,020,LEON,1409,110201409,6,
11,020,LEON,1410,110201410,6,
11,020,LEON,1411,110201411,6,
11,020,LEON,1412,110201412,6,
11,020,LEON,1413,110201413,6,
11,020,LEON,1414,110201414,6,
11,020,LEON,1415,110201415,6,
11,020,LEON,1416,110201416,6,
11,020,LEON,1417,110201417,6,
11,020,LEON,1418,110201418,6,
11,020,LEON,1419,110201419,3,
11,020,LEON,1420,110201420,3,
11,020,LEON,1421,110201421,3,
11,020,LEON,1422,110201422,3,
11,020,LEON,1423,110201423,3,
11,020,LEON,1424,110201424,3,
11,020,LEON,1425,110201425,3,
11,020,LEON,1426,110201426,3,
11,020,LEON,1427,110201427,3,
11,020,LEON,1428,110201428,3,
11,020,LEON,1429,110201429,3,
11,020,LEON,1430,110201430,6,
11,020,LEON,1431,110201431,6,
11,020,LEON,1432,110201432,6,
11,020,LEON,1433,110201433,6,
11,020,LEON,1434,110201434,6,
11,020,LEON,1435,110201435,6,
11,020,LEON,1436,110201436,6,
11,020,LEON,1437,110201437,6,
11,020,LEON,1438,110201438,6,
11,020,LEON,1439,110201439,6,
11,020,LEON,1440,110201440,6,
11,020,LEON,1441,110201441,6,
11,020,LEON,1442,110201442,6,
11,020,LEON,1443,110201443,6,
11,020,LEON,1444,110201444,3,
11,020,LEON,1445,110201445,3,
11,020,LEON,1446,110201446,3,
11,020,LEON,1447,110201447,3,
11,020,LEON,1448,110201448,6,
11,020,LEON,1449,110201449,6,
11,020,LEON,1450,110201450,6,
11,020,LEON,1451,110201451,6,
11,020,LEON,1452,110201452,6,
11,020,LEON,1453,110201453,6,
11,020,LEON,1454,110201454,3,
11,020,LEON,1455,110201455,3,
11,020,LEON,1456,110201456,3,
11,020,LEON,1457,110201457,3,
11,020,LEON,1458,110201458,3,
11,020,LEON,1459,110201459,3,
11,020,LEON,1460,110201460,3,
11,020,LEON,1461,110201461,3,
11,020,LEON,1462,110201462,11,
11,020,LEON,1463,110201463,11,
11,020,LEON,1464,110201464,5,
11,020,LEON,1465,110201465,5,
11,020,LEON,1466,110201466,5,
11,020,LEON,1467,110201467,5,
11,020,LEON,1468,110201468,5,
11,020,LEON,1469,110201469,5,
11,020,LEON,1470,110201470,3,
11,020,LEON,1471,110201471,3,
11,020,LEON,1472,110201472,3,
11,020,LEON,1473,110201473,3,
11,020,LEON,1474,110201474,6,
11,020,LEON,1475,110201475,6,
11,020,LEON,1476,110201476,6,
11,020,LEON,1478,110201478,3,
11,020,LEON,1479,110201479,3,
11,020,LEON,1480,110201480,3,
11,020,LEON,1481,110201481,3,
11,020,LEON,1482,110201482,6,
11,020,LEON,1483,110201483,5,
11,020,LEON,1485,110201485,6,
11,020,LEON,1486,110201486,6,
11,020,LEON,1487,110201487,6,
11,020,LEON,1488,110201488,6,
11,020,LEON,1489,110201489,6,
11,020,LEON,1491,110201491,5,
11,020,LEON,1492,110201492,5,
11,020,LEON,1497,110201497,6,
11,020,LEON,1498,110201498,6,
11,020,LEON,1499,110201499,6,
11,020,LEON,1501,110201501,5,
11,020,LEON,1502,110201502,5,
11,020,LEON,1503,110201503,6,
11,020,LEON,1504,110201504,6,
11,020,LEON,1505,110201505,6,
11,020,LEON,1506,110201506,6,
11,020,LEON,1507,110201507,5,
11,020,LEON,1511,110201511,5,
11,020,LEON,1512,110201512,6,
11,020,LEON,1513,110201513,6,
11,020,LEON,1514,110201514,11,
11,020,LEON,1515,110201515,11,
11,020,LEON,1516,110201516,11,
11,020,LEON,1517,110201517,11,
11,020,LEON,1518,110201518,11,
11,020,LEON,1519,110201519,11,
11,020,LEON,1520,110201520,11,
11,020,LEON,1521,110201521,11,
11,020,LEON,1522,110201522,11,
11,020,LEON,1523,110201523,11,
11,020,LEON,1524,110201524,11,
11,020,LEON,1525,110201525,11,
11,020,LEON,1526,110201526,11,
11,020,LEON,1527,110201527,11,
11,020,LEON,1528,110201528,11,
11,020,LEON,1529,110201529,11,
11,020,LEON,1530,110201530,11,
11,020,LEON,1531,110201531,11,
11,020,LEON,1532,110201532,11,
11,020,LEON,1533,110201533,11,
11,020,LEON,1534,110201534,11,
11,020,LEON,1535,110201535,11,
11,020,LEON,1536,110201536,11,
11,020,LEON,1537,110201537,11,
11,020,LEON,1538,110201538,11,
11,020,LEON,1539,110201539,11,
11,020,LEON,1540,110201540,11,
11,020,LEON,1541,110201541,11,
11,020,LEON,1542,110201542,11,
11,020,LEON,1543,110201543,11,
11,020,LEON,1544,110201544,11,
11,020,LEON,1545,110201545,11,
11,020,LEON,1546,110201546,11,
11,020,LEON,1547,110201547,11,
11,020,LEON,1548,110201548,11,
11,020,LEON,1549,110201549,11,
11,020,LEON,1550,110201550,11,
11,020,LEON,1551,110201551,11,
11,020,LEON,1552,110201552,11,
11,020,LEON,1553,110201553,11,
11,020,LEON,1554,110201554,11,
11,020,LEON,1555,110201555,11,
11,020,LEON,1556,110201556,11,
11,020,LEON,1557,110201557,11,
11,020,LEON,1558,110201558,11,
11,020,LEON,1559,110201559,11,
11,020,LEON,1560,110201560,11,
11,020,LEON,1561,110201561,11,
11,020,LEON,1562,110201562,11,
11,020,LEON,1563,110201563,11,
11,020,LEON,1564,110201564,11,
11,020,LEON,1565,110201565,11,
11,020,LEON,1566,110201566,11,
11,020,LEON,1567,110201567,11,
11,020,LEON,1568,110201568,11,
11,020,LEON,1569,110201569,11,
11,020,LEON,1570,110201570,11,
11,020,LEON,1571,110201571,11,
11,020,LEON,1572,110201572,11,
11,020,LEON,1573,110201573,11,
11,020,LEON,1574,110201574,11,
11,020,LEON,1575,110201575,11,
11,020,LEON,1576,110201576,11,
11,020,LEON,1577,110201577,11,
11,020,LEON,1578,110201578,11,
11,020,LEON,1579,110201579,11,
11,020,LEON,1580,110201580,11,
11,020,LEON,1581,110201581,11,
11,020,LEON,1582,110201582,11,
11,020,LEON,1583,110201583,11,
11,020,LEON,1584,110201584,11,
11,020,LEON,1585,110201585,11,
11,020,LEON,1586,110201586,11,
11,020,LEON,1587,110201587,11,
11,020,LEON,1588,110201588,11,
11,020,LEON,1589,110201589,11,
11,020,LEON,1590,110201590,11,
11,020,LEON,1591,110201591,11,
11,020,LEON,1592,110201592,11,
11,020,LEON,1593,110201593,11,
11,020,LEON,1594,110201594,11,
11,020,LEON,1595,110201595,11,
11,020,LEON,1596,110201596,11,
11,020,LEON,1597,110201597,11,
11,020,LEON,1598,110201598,11,
11,020,LEON,1599,110201599,11,
11,020,LEON,1600,110201600,11,
11,020,LEON,1601,110201601,11,
11,020,LEON,1602,110201602,5,
11,020,LEON,1603,110201603,11,
11,020,LEON,1604,110201604,11,
11,020,LEON,1605,110201605,11,
11,020,LEON,1606,110201606,11,
11,020,LEON,1607,110201607,11,
11,020,LEON,1608,110201608,11,
11,020,LEON,1609,110201609,11,
11,020,LEON,1610,110201610,11,
11,020,LEON,1611,110201611,11,
11,020,LEON,1612,110201612,11,
11,020,LEON,1613,110201613,11,
11,020,LEON,1615,110201615,11,
11,020,LEON,1616,110201616,11,
11,020,LEON,1617,110201617,11,
11,020,LEON,1618,110201618,11,
11,020,LEON,1619,110201619,11,
11,020,LEON,1620,110201620,11,
11,020,LEON,1621,110201621,11,
11,020,LEON,1622,110201622,11,
11,020,LEON,1623,110201623,11,
11,020,LEON,1624,110201624,11,
11,020,LEON,1625,110201625,11,
11,020,LEON,1626,110201626,11,
11,020,LEON,1627,110201627,5,
11,020,LEON,1628,110201628,11,
11,020,LEON,1629,110201629,11,
11,020,LEON,1630,110201630,11,
11,020,LEON,1631,110201631,11,
11,020,LEON,1635,110201635,11,
11,020,LEON,1636,110201636,11,
11,020,LEON,1637,110201637,11,
11,020,LEON,1638,110201638,11,
11,020,LEON,1639,110201639,11,
11,020,LEON,1640,110201640,5,
11,020,LEON,1641,110201641,11,
11,020,LEON,1645,110201645,11,
11,020,LEON,1646,110201646,11,
11,020,LEON,1648,110201648,5,
11,020,LEON,1649,110201649,11,
11,020,LEON,1650,110201650,11,
11,020,LEON,1651,110201651,11,
11,020,LEON,1652,110201652,11,
11,020,LEON,1653,110201653,11,
11,020,LEON,1654,110201654,6,
11,020,LEON,1655,110201655,11,
11,020,LEON,1656,110201656,11,
11,020,LEON,1657,110201657,11,
11,020,LEON,1658,110201658,11,
11,020,LEON,1659,110201659,11,
11,020,LEON,1660,110201660,6,
11,020,LEON,1661,110201661,6,
11,020,LEON,1662,110201662,11,
11,020,LEON,1663,110201663,11,
11,020,LEON,1664,110201664,11,
11,020,LEON,1665,110201665,11,
11,020,LEON,1666,110201666,11,
11,020,LEON,1667,110201667,11,
11,020,LEON,1668,110201668,11,
11,020,LEON,1669,110201669,11,
11,020,LEON,1670,110201670,11,
11,020,LEON,1671,110201671,11,
11,020,LEON,1672,110201672,11,
11,020,LEON,1673,110201673,11,
11,020,LEON,1674,110201674,3,
11,020,LEON,1675,110201675,3,
11,020,LEON,1676,110201676,3,
11,020,LEON,1677,110201677,3,
11,020,LEON,1678,110201678,3,
11,020,LEON,1679,110201679,3,
11,020,LEON,1680,110201680,3,
11,020,LEON,1682,110201682,3,
11,020,LEON,1683,110201683,3,
11,020,LEON,1684,110201684,3,
11,020,LEON,1685,110201685,3,
11,020,LEON,1686,110201686,3,
11,020,LEON,1688,110201688,3,
11,020,LEON,1689,110201689,3,
11,020,LEON,1690,110201690,3,
11,020,LEON,1691,110201691,3,
11,020,LEON,1692,110201692,3,
11,020,LEON,1693,110201693,3,
11,020,LEON,1694,110201694,3,
11,020,LEON,1695,110201695,3,
11,020,LEON,1696,110201696,3,
11,020,LEON,1697,110201697,3,
11,020,LEON,1698,110201698,3,
11,020,LEON,1699,110201699,3,
11,020,LEON,1700,110201700,3,
11,020,LEON,1701,110201701,3,
11,020,LEON,1702,110201702,3,
11,020,LEON,1703,110201703,3,
11,020,LEON,1704,110201704,3,
11,020,LEON,1705,110201705,3,
11,020,LEON,1706,110201706,3,
11,020,LEON,1707,110201707,3,
11,020,LEON,1708,110201708,3,
11,020,LEON,1709,110201709,3,
11,020,LEON,1710,110201710,3,
11,020,LEON,1711,110201711,5,
11,020,LEON,1712,110201712,5,
11,020,LEON,1713,110201713,3,
11,020,LEON,1714,110201714,3,
11,020,LEON,1715,110201715,3,
11,020,LEON,1716,110201716,3,
11,020,LEON,1717,110201717,3,
11,020,LEON,1718,110201718,3,
11,020,LEON,1719,110201719,3,
11,020,LEON,1720,110201720,3,
11,020,LEON,1721,110201721,5,
11,020,LEON,1722,110201722,3,
11,020,LEON,1723,110201723,3,
11,020,LEON,1724,110201724,3,
11,020,LEON,1725,110201725,3,
11,020,LEON,1726,110201726,3,
11,020,LEON,1727,110201727,3,
11,020,LEON,1728,110201728,3,
11,020,LEON,1729,110201729,3,
11,020,LEON,1730,110201730,3,
11,020,LEON,1731,110201731,3,
11,020,LEON,1732,110201732,5,
11,020,LEON,1733,110201733,5,
11,020,LEON,1734,110201734,5,
11,020,LEON,1735,110201735,3,
11,020,LEON,1736,110201736,3,
11,020,LEON,1737,110201737,3,
11,020,LEON,1738,110201738,3,
11,020,LEON,1739,110201739,5,
11,020,LEON,1740,110201740,3,
11,020,LEON,1741,110201741,5,
11,020,LEON,1742,110201742,5,
11,020,LEON,1743,110201743,3,
11,020,LEON,1744,110201744,3,
11,020,LEON,1745,110201745,3,
11,020,LEON,1746,110201746,3,
11,020,LEON,1747,110201747,5,
11,020,LEON,1748,110201748,5,
11,020,LEON,1749,110201749,5,
11,020,LEON,1750,110201750,5,
11,020,LEON,1751,110201751,5,
11,020,LEON,1752,110201752,5,
11,020,LEON,1753,110201753,5,
11,020,LEON,1754,110201754,5,
11,020,LEON,1755,110201755,3,
11,020,LEON,1756,110201756,3,
11,020,LEON,1757,110201757,3,
11,020,LEON,1758,110201758,3,
11,020,LEON,1759,110201759,5,
11,020,LEON,1760,110201760,5,
11,020,LEON,1761,110201761,5,
11,020,LEON,1762,110201762,5,
11,020,LEON,1763,110201763,5,
11,020,LEON,1764,110201764,5,
11,020,LEON,1765,110201765,5,
11,020,LEON,1766,110201766,5,
11,020,LEON,1767,110201767,5,
11,020,LEON,1768,110201768,5,
11,020,LEON,1769,110201769,5,
11,020,LEON,1770,110201770,5,
11,020,LEON,1771,110201771,5,
11,020,LEON,1772,110201772,5,
11,020,LEON,1773,110201773,5,
11,020,LEON,1774,110201774,5,
11,020,LEON,1775,110201775,5,
11,020,LEON,1776,110201776,5,
11,020,LEON,1777,110201777,5,
11,020,LEON,1778,110201778,5,
11,020,LEON,1779,110201779,5,
11,020,LEON,1780,110201780,5,
11,020,LEON,1781,110201781,5,
11,020,LEON,1782,110201782,5,
11,020,LEON,1783,110201783,5,
11,020,LEON,1784,110201784,5,
11,020,LEON,1785,110201785,5,
11,020,LEON,1786,110201786,5,
11,020,LEON,1787,110201787,5,
11,020,LEON,1788,110201788,5,
11,020,LEON,1789,110201789,5,
11,020,LEON,1790,110201790,5,
11,020,LEON,1791,110201791,5,
11,020,LEON,1792,110201792,5,
11,020,LEON,1793,110201793,5,
11,020,LEON,1794,110201794,5,
11,020,LEON,1795,110201795,5,
11,020,LEON,1796,110201796,5,
11,020,LEON,1797,110201797,5,
11,020,LEON,1798,110201798,5,
11,020,LEON,1799,110201799,5,
11,020,LEON,1800,110201800,5,
11,020,LEON,1801,110201801,5,
11,020,LEON,1802,110201802,5,
11,020,LEON,1803,110201803,5,
11,020,LEON,1804,110201804,5,
11,020,LEON,1805,110201805,5,
11,020,LEON,1806,110201806,5,
11,020,LEON,1807,110201807,5,
11,020,LEON,1808,110201808,5,
11,020,LEON,1809,110201809,5,
11,020,LEON,1810,110201810,5,
11,020,LEON,1811,110201811,5,
11,020,LEON,1812,110201812,5,
11,020,LEON,1813,110201813,5,
11,020,LEON,1814,110201814,5,
11,020,LEON,1815,110201815,5,
11,020,LEON,1816,110201816,5,
11,020,LEON,1817,110201817,5,
11,020,LEON,1818,110201818,5,
11,020,LEON,1819,110201819,5,
11,020,LEON,1820,110201820,5,
11,020,LEON,1821,110201821,5,
11,020,LEON,1823,110201823,5,
11,020,LEON,1824,110201824,5,
11,020,LEON,1825,110201825,5,
11,020,LEON,1826,110201826,5,
11,020,LEON,1827,110201827,5,
11,020,LEON,1828,110201828,5,
11,020,LEON,1829,110201829,5,
11,020,LEON,1830,110201830,5,
11,020,LEON,1831,110201831,5,
11,020,LEON,1832,110201832,5,
11,020,LEON,1833,110201833,5,
11,020,LEON,1834,110201834,5,
11,020,LEON,1835,110201835,5,
11,020,LEON,1836,110201836,5,
11,020,LEON,1837,110201837,5,
11,020,LEON,1838,110201838,5,
11,020,LEON,1839,110201839,5,
11,020,LEON,1840,110201840,5,
11,020,LEON,1841,110201841,5,
11,020,LEON,1842,110201842,5,
11,020,LEON,1843,110201843,5,
11,020,LEON,1844,110201844,5,
11,020,LEON,1845,110201845,5,
11,020,LEON,1846,110201846,5,
11,020,LEON,1847,110201847,5,
11,020,LEON,1848,110201848,5,
11,020,LEON,1849,110201849,5,
11,020,LEON,1850,110201850,5,
11,020,LEON,1851,110201851,5,
11,020,LEON,1852,110201852,5,
11,020,LEON,1853,110201853,5,
11,020,LEON,1854,110201854,5,
11,020,LEON,1855,110201855,5,
11,020,LEON,1856,110201856,5,
11,020,LEON,1857,110201857,5,
11,020,LEON,1858,110201858,5,
11,020,LEON,3006,110203006,5,
11,020,LEON,3007,110203007,5,
11,020,LEON,3008,110203008,5,
11,020,LEON,3009,110203009,5,
11,020,LEON,3010,110203010,5,
11,020,LEON,3011,110203011,5,
11,020,LEON,3012,110203012,5,
11,020,LEON,3013,110203013,5,
11,020,LEON,3014,110203014,5,
11,020,LEON,3016,110203016,5,
11,020,LEON,3017,110203017,5,
11,020,LEON,3018,110203018,5,
11,020,LEON,3019,110203019,5,
11,020,LEON,3020,110203020,5,
11,020,LEON,3021,110203021,5,
11,020,LEON,3022,110203022,5,
11,020,LEON,3023,110203023,5,
11,020,LEON,3024,110203024,5,
11,020,LEON,3025,110203025,5,
11,020,LEON,3026,110203026,5,
11,020,LEON,3027,110203027,5,
11,020,LEON,3028,110203028,5,
11,020,LEON,3029,110203029,5,
11,020,LEON,3030,110203030,5,
11,020,LEON,3031,110203031,6,
11,020,LEON,3032,110203032,6,
11,020,LEON,3033,110203033,6,
11,020,LEON,3034,110203034,6,
11,020,LEON,3035,110203035,6,
11,020,LEON,3036,110203036,6,
11,020,LEON,3037,110203037,6,
11,020,LEON,3038,110203038,6,
11,020,LEON,3039,110203039,6,
11,020,LEON,3040,110203040,6,
11,020,LEON,3041,110203041,6,
11,020,LEON,3042,110203042,6,
11,020,LEON,3043,110203043,6,
11,020,LEON,3044,110203044,6,
11,020,LEON,3045,110203045,6,
11,020,LEON,3046,110203046,6,
11,020,LEON,3047,110203047,6,
11,020,LEON,3048,110203048,6,
11,020,LEON,3049,110203049,6,
11,020,LEON,3050,110203050,6,
11,020,LEON,3051,110203051,6,
11,020,LEON,3052,110203052,6,
11,020,LEON,3053,110203053,6,
11,020,LEON,3054,110203054,6,
11,020,LEON,3055,110203055,6,
11,020,LEON,3056,110203056,6,
11,020,LEON,3057,110203057,6,
11,020,LEON,3058,110203058,6,
11,020,LEON,3059,110203059,6,
11,020,LEON,3060,110203060,6,
11,020,LEON,3061,110203061,6,
11,020,LEON,3062,110203062,6,
11,020,LEON,3063,110203063,6,
11,020,LEON,3064,110203064,6,
11,020,LEON,3065,110203065,6,
11,020,LEON,3066,110203066,6,
11,020,LEON,3067,110203067,6,
11,020,LEON,3068,110203068,6,
11,020,LEON,3069,110203069,6,
11,020,LEON,3070,110203070,6,
11,020,LEON,3071,110203071,6,
11,020,LEON,3072,110203072,6,
11,020,LEON,3073,110203073,6,
11,020,LEON,3074,110203074,6,
11,020,LEON,3075,110203075,6,
11,020,LEON,3076,110203076,6,
11,020,LEON,3077,110203077,6,
11,020,LEON,3078,110203078,6,
11,020,LEON,3079,110203079,6,
11,020,LEON,3080,110203080,6,
11,020,LEON,3081,110203081,6,
11,020,LEON,3082,110203082,6,
11,020,LEON,3083,110203083,6,
11,020,LEON,3084,110203084,6,
11,020,LEON,3085,110203085,6,
11,020,LEON,3086,110203086,6,
11,020,LEON,3087,110203087,6,
11,020,LEON,3088,110203088,6,
11,020,LEON,3089,110203089,6,
11,020,LEON,3090,110203090,6,
11,020,LEON,3091,110203091,6,
11,020,LEON,3092,110203092,6,
11,020,LEON,3093,110203093,6,
11,020,LEON,3094,110203094,6,
11,020,LEON,3095,110203095,6,
11,020,LEON,3096,110203096,6,
11,020,LEON,3097,110203097,6,
11,020,LEON,3098,110203098,6,
11,020,LEON,3099,110203099,6,
11,020,LEON,3100,110203100,6,
11,020,LEON,3101,110203101,6,
11,020,LEON,3121,110203121,11,
11,020,LEON,3122,110203122,11,
11,020,LEON,3123,110203123,11,
11,020,LEON,3124,110203124,11,
11,020,LEON,3125,110203125,11,
11,020,LEON,3126,110203126,11,
11,020,LEON,3127,110203127,11,
11,020,LEON,3128,110203128,11,
11,020,LEON,3129,110203129,11,
11,020,LEON,3130,110203130,11,
11,020,LEON,3131,110203131,6,
11,020,LEON,3132,110203132,6,
11,020,LEON,3133,110203133,6,
11,020,LEON,3134,110203134,6,
11,020,LEON,3135,110203135,6,
11,020,LEON,3136,110203136,6,
11,020,LEON,3137,110203137,6,
11,020,LEON,3138,110203138,6,
11,020,LEON,3139,110203139,6,
11,020,LEON,3140,110203140,6,
11,020,LEON,3141,110203141,6,
11,020,LEON,3142,110203142,6,
11,020,LEON,3143,110203143,6,
11,020,LEON,3144,110203144,6,
11,020,LEON,3145,110203145,6,
11,020,LEON,3146,110203146,6,
11,020,LEON,3147,110203147,6,
11,020,LEON,3148,110203148,6,
11,020,LEON,3149,110203149,6,
11,020,LEON,3150,110203150,6,
11,020,LEON,3151,110203151,6,
11,020,LEON,3152,110203152,6,
11,020,LEON,3153,110203153,6,
11,020,LEON,3154,110203154,6,
11,020,LEON,3155,110203155,3,
11,020,LEON,3156,110203156,3,
11,020,LEON,3157,110203157,3,
11,020,LEON,3158,110203158,3,
11,020,LEON,3159,110203159,3,
11,020,LEON,3160,110203160,5,
11,020,LEON,3161,110203161,5,
11,020,LEON,3162,110203162,5,
11,020,LEON,3163,110203163,5,
11,020,LEON,3164,110203164,5,
11,020,LEON,3165,110203165,5,
11,020,LEON,3166,110203166,5,
11,020,LEON,3167,110203167,5,
11,020,LEON,3168,110203168,5,
11,020,LEON,3182,110203182,3,
11,020,LEON,3183,110203183,3,
11,020,LEON,3184,110203184,3,
11,020,LEON,3185,110203185,3,
11,020,LEON,3186,110203186,3,
11,020,LEON,3187,110203187,3,
11,020,LEON,3188,110203188,3,
11,020,LEON,3189,110203189,3,
11,020,LEON,3190,110203190,5,
11,020,LEON,3191,110203191,5,
11,020,LEON,3192,110203192,5,
11,020,LEON,3193,110203193,5,
11,020,LEON,3194,110203194,5,
11,020,LEON,3195,110203195,5,
11,020,LEON,3196,110203196,5,
11,020,LEON,3197,110203197,5,
11,020,LEON,3198,110203198,5,
11,020,LEON,3199,110203199,5,
11,020,LEON,3204,110203204,11,
11,020,LEON,3205,110203205,11,
11,020,LEON,3206,110203206,11,
11,020,LEON,3207,110203207,11,
11,020,LEON,3208,110203208,11,
11,020,LEON,3209,110203209,11,
11,020,LEON,3210,110203210,11,
11,020,LEON,3211,110203211,11,
11,020,LEON,3215,110203215,3,
11,020,LEON,3216,110203216,3,
11,020,LEON,3217,110203217,3,
11,020,LEON,3218,110203218,3,
11,020,LEON,3219,110203219,5,
11,020,LEON,3220,110203220,5,
11,020,LEON,3221,110203221,5,
11,020,LEON,3222,110203222,5,
11,020,LEON,3223,110203223,5,
11,020,LEON,3224,110203224,6,
11,020,LEON,3225,110203225,6,
11,020,LEON,3226,110203226,6,
11,020,LEON,3227,110203227,6,
11,020,LEON,3228,110203228,6,
11,020,LEON,3229,110203229,6,
11,020,LEON,3230,110203230,6,
11,020,LEON,3243,110203243,11,
11,020,LEON,3244,110203244,11,
11,020,LEON,3245,110203245,11,
11,020,LEON,3246,110203246,11,
11,020,LEON,3247,110203247,11,
11,020,LEON,3248,110203248,11,
11,020,LEON,3249,110203249,11,
11,020,LEON,3270,110203270,6,
11,020,LEON,3271,110203271,6,
11,020,LEON,3278,110203278,11,
11,020,LEON,3279,110203279,11,
11,020,LEON,3280,110203280,11,
11,020,LEON,3281,110203281,11,
11,020,LEON,3282,110203282,11,
11,020,LEON,3283,110203283,11,
11,020,LEON,3284,110203284,11,
11,020,LEON,3285,110203285,11,
11,020,LEON,3286,110203286,11,
11,020,LEON,3287,110203287,11,
11,020,LEON,3288,110203288,11,
11,020,LEON,3289,110203289,11,
11,020,LEON,3319,110203319,3,
11,020,LEON,3320,110203320,3,
11,020,LEON,3321,110203321,3,
11,020,LEON,3322,110203322,3,
11,020,LEON,3323,110203323,3,
11,020,LEON,3324,110203324,3,
11,020,LEON,3325,110203325,3,
11,020,LEON,3326,110203326,3,
11,020,LEON,3327,110203327,3,
11,020,LEON,3328,110203328,3,
11,020,LEON,3329,110203329,3,
11,020,LEON,3330,110203330,3,
11,020,LEON,3331,110203331,3,
11,020,LEON,3332,110203332,3,
11,020,LEON,3333,110203333,3,
11,020,LEON,3334,110203334,3,
11,020,LEON,3335,110203335,5,
11,020,LEON,3336,110203336,5,
11,020,LEON,3337,110203337,5,
11,020,LEON,3338,110203338,5,
11,020,LEON,3339,110203339,5,
11,020,LEON,3340,110203340,5,
11,020,LEON,3341,110203341,5,
11,020,LEON,3342,110203342,5,
11,020,LEON,3343,110203343,5,
11,020,LEON,3344,110203344,5,
11,020,LEON,3345,110203345,5,
11,020,LEON,3346,110203346,5,
11,020,LEON,3347,110203347,5,
11,020,LEON,3348,110203348,5,
11,020,LEON,3349,110203349,5,
11,020,LEON,3350,110203350,5,
11,020,LEON,3351,110203351,5,
11,020,LEON,3352,110203352,5,
11,020,LEON,3353,110203353,5,
11,020,LEON,3354,110203354,5,
11,020,LEON,3355,110203355,5,
11,020,LEON,3356,110203356,5,
11,020,LEON,3357,110203357,5,
11,020,LEON,3358,110203358,5,
11,020,LEON,3359,110203359,6,
11,020,LEON,3360,110203360,6,
11,020,LEON,3361,110203361,6,
11,020,LEON,3362,110203362,6,
11,020,LEON,3363,110203363,6,
11,020,LEON,3364,110203364,6,
11,020,LEON,3365,110203365,6,
11,020,LEON,3366,110203366,6,
11,020,LEON,3367,110203367,6,
11,020,LEON,3368,110203368,6,
11,020,LEON,3369,110203369,6,
11,020,LEON,3370,110203370,6,
11,020,LEON,3371,110203371,6,
11,020,LEON,3372,110203372,6,
11,020,LEON,3384,110203384,11,
11,020,LEON,3385,110203385,11,
11,020,LEON,3386,110203386,11,
11,020,LEON,3387,110203387,11,
11,020,LEON,3388,110203388,11,
11,020,LEON,3389,110203389,11,
11,020,LEON,3390,110203390,11,
11,020,LEON,3391,110203391,11,
11,020,LEON,3392,110203392,11,
11,020,LEON,3393,110203393,11,
11,020,LEON,3394,110203394,11,
11,020,LEON,3395,110203395,11,
11,020,LEON,3396,110203396,11,
11,020,LEON,3397,110203397,11,
11,020,LEON,3398,110203398,11,
11,020,LEON,3399,110203399,11,
