entidad,municipio,seccion,section_id,pan_2018_votos,total_2018,pct_pan_2018,source_rows_2018
11,020,1261,110201261,1041,1902,54.73186119873817,6
11,020,1262,110201262,312,568,54.929577464788736,2
11,020,1263,110201263,320,556,57.55395683453237,2
11,020,1264,110201264,366,587,62.35093696763203,2
11,020,1265,110201265,663,1428,46.42857142857143,5
11,020,1266,110201266,565,1088,51.93014705882353,4
11,020,1267,110201267,1191,2202,54.08719346049047,6
11,020,1269,110201269,1334,2564,52.02808112324493,7
11,020,1270,110201270,393,763,51.50720838794234,3
11,020,1271,110201271,338,735,45.98639455782313,2
11,020,1272,110201272,452,871,51.894374282433986,3
11,020,1273,110201273,368,725,50.758620689655174,3
11,020,1274,110201274,921,1631,56.468424279583076,4
11,020,1275,110201275,415,818,50.733496332518335,3
11,020,1276,110201276,1065,2254,47.24933451641527,8
11,020,1277,110201277,1047,2097,49.92846924177397,6
11,020,1279,110201279,1210,2101,57.59162303664922,5
11,020,1280,110201280,289,683,42.313323572474374,2
11,020,1281,110201281,904,1384,65.3179190751445,3
11,020,1283,110201283,1621,2775,58.414414414414416,6
11,020,1286,110201286,728,1319,55.193328278999246,3
11,020,1287,110201287,781,1481,52.73463875759622,3
11,020,1288,110201288,493,850,57.99999999999999,2
11,020,1289,110201289,447,916,48.799126637554586,3
11,020,1290,110201290,238,340,70.0,1
11,020,1291,110201291,204,347,58.789625360230545,1
11,020,1292,110201292,642,1161,55.297157622739014,3
11,020,1293,110201293,351,701,50.07132667617689,2
11,020,1294,110201294,292,621,47.02093397745571,2
11,020,1295,110201295,324,708,45.76271186440678,2
11,020,1296,110201296,249,465,53.5483870967742,2
11,020,1297,110201297,1214,2516,48.251192368839426,8
11,020,1298,110201298,858,1817,47.220693450742985,5
11,020,1299,110201299,236,505,46.73267326732674,2
11,020,1300,110201300,548,1017,53.88397246804326,3
11,020,1301,110201301,439,863,50.869061413673236,2
11,020,1302,110201302,266,499,53.3066132264529,2
11,020,1303,110201303,321,673,47.69687964338782,2
11,020,1304,110201304,2477,4359,56.82495985317734,9
11,020,1305,110201305,218,460,47.391304347826086,2
11,020,1306,110201306,410,764,53.66492146596858,2
11,020,1307,110201307,337,711,47.39803094233474,2
11,020,1308,110201308,877,2345,37.39872068230277,6
11,020,1309,110201309,665,1529,43.49247874427731,5
11,020,1310,110201310,664,1358,48.89543446244477,4
11,020,1311,110201311,214,493,43.40770791075051,1
11,020,1312,110201312,325,867,37.48558246828143,3
11,020,1313,110201313,444,691,64.25470332850941,2
11,020,1314,110201314,594,987,60.182370820668694,2
11,020,1315,110201315,319,565,56.46017699115045,2
11,020,1316,110201316,385,712,54.07303370786517,2
11,020,1317,110201317,356,668,53.293413173652695,2
11,020,1318,110201318,225,509,44.20432220039292,2
11,020,1319,110201319,303,630,48.095238095238095,2
11,020,1320,110201320,411,847,48.52420306965762,3
11,020,1321,110201321,248,557,44.52423698384201,2
11,020,1322,110201322,1209,2850,42.421052631578945,8
11,020,1323,110201323,584,1246,46.869983948635635,4
11,020,1324,110201324,279,727,38.376891334250345,2
11,020,1325,110201325,267,564,47.340425531914896,2
11,020,1326,110201326,283,555,50.990990990990994,2
11,020,1327,110201327,231,400,57.75,1
11,020,1328,110201328,387,655,59.083969465648856,2
11,020,1329,110201329,381,600,63.5,2
11,020,1330,110201330,458,787,58.19567979669632,2
11,020,1331,110201331,393,820,47.92682926829268,2
11,020,1332,110201332,351,695,50.50359712230216,2
11,020,1333,110201333,390,835,46.706586826347305,3
11,020,1334,110201334,352,769,45.77373211963589,3
11,020,1335,110201335,381,795,47.924528301886795,3
11,020,1336,110201336,294,574,51.21951219512195,2
11,020,1337,110201337,1232,2124,58.00376647834275,5
11,020,1338,110201338,252,473,53.276955602537,2
11,020,1339,110201339,364,622,58.520900321543415,2
11,020,1340,110201340,444,734,60.49046321525886,2
11,020,1341,110201341,422,751,56.19174434087883,2
11,020,1342,110201342,447,750,59.599999999999994,2
11,020,1343,110201343,770,1399,55.03931379556827,3
11,020,1344,110201344,333,683,48.75549048316252,2
11,020,1345,110201345,271,519,52.215799614643544,2
11,020,1346,110201346,244,566,43.109540636042404,2
11,020,1347,110201347,295,643,45.878693623639194,2
11,020,1348,110201348,267,675,39.55555555555556,2
11,020,1349,110201349,1467,2825,51.92920353982301,6
11,020,1350,110201350,350,649,53.929121725731896,2
11,020,1351,110201351,430,832,51.682692307692314,2
11,020,1352,110201352,398,771,51.621271076524,2
11,020,1353,110201353,376,646,58.204334365325074,2
11,020,1354,110201354,386,681,56.6813509544787,2
11,020,1355,110201355,377,666,56.606606606606604,2
11,020,1356,110201356,439,793,55.359394703656996,2
11,020,1357,110201357,331,570,58.07017543859649,2
11,020,1358,110201358,309,552,55.97826086956522,2
11,020,1359,110201359,273,500,54.6,2
11,020,1360,110201360,324,609,53.20197044334976,2
11,020,1361,110201361,392,689,56.89404934687954,2
11,020,1362,110201362,337,689,48.91146589259797,2
11,020,1363,110201363,472,805,58.63354037267081,2
11,020,1364,110201364,382,875,43.65714285714286,3
11,020,1365,110201365,1861,3574,52.07050923335199,8
11,020,1366,110201366,298,565,52.743362831858406,2
11,020,1367,110201367,608,1170,51.96581196581197,3
11,020,1368,110201368,233,499,46.6933867735471,2
11,020,1369,110201369,375,795,47.16981132075472,3
11,020,1370,110201370,484,914,52.95404814004377,3
11,020,1371,110201371,229,461,49.67462039045553,2
11,020,1372,110201372,372,723,51.45228215767634,2
11,020,1373,110201373,222,406,54.679802955665025,2
11,020,1374,110201374,273,545,50.091743119266056,2
11,020,1375,110201375,191,364,52.472527472527474,1
11,020,1376,110201376,159,333,47.74774774774775,1
11,020,1377,110201377,187,404,46.28712871287129,1
11,020,1378,110201378,186,392,47.44897959183674,1
11,020,1379,110201379,248,457,54.26695842450766,2
11,020,1380,110201380,128,221,57.9185520361991,1
11,020,1381,110201381,112,277,40.43321299638989,1
11,020,1382,110201382,241,503,47.912524850894634,2
11,020,1383,110201383,221,370,59.72972972972973,1
11,020,1384,110201384,232,429,54.07925407925408,1
11,020,1385,110201385,466,856,54.4392523364486,2
11,020,1386,110201386,252,509,49.50884086444008,2
11,020,1387,110201387,430,820,52.4390243902439,3
11,020,1388,110201388,317,673,47.102526002971764,2
11,020,1389,110201389,319,612,52.12418300653595,2
11,020,1390,110201390,494,1007,49.056603773584904,3
11,020,1391,110201391,1854,2878,64.41973592772759,6
11,020,1393,110201393,323,656,49.23780487804878,2
11,020,1394,110201394,597,994,60.06036217303823,2
11,020,1395,110201395,376,723,52.00553250345782,2
11,020,1396,110201396,516,1045,49.377990430622006,3
11,020,1397,110201397,361,695,51.94244604316547,2
11,020,1398,110201398,313,597,52.428810720268004,2
11,020,1399,110201399,188,316,59.49367088607595,1
11,020,1400,110201400,293,520,56.34615384615385,1
11,020,1401,110201401,184,340,54.11764705882353,1
11,020,1402,110201402,170,293,58.02047781569966,1
11,020,1403,110201403,112,231,48.484848484848484,1
11,020,1404,110201404,165,402,41.04477611940299,1
11,020,1405,110201405,183,426,42.95774647887324,2
11,020,1406,110201406,142,252,56.34920634920635,1
11,020,1407,110201407,215,407,52.825552825552826,1
11,020,1408,110201408,303,567,53.43915343915344,2
11,020,1409,110201409,337,683,49.341142020497806,2
11,020,1410,110201410,300,550,54.54545454545454,2
11,020,1411,110201411,322,622,51.76848874598071,2
11,020,1412,110201412,389,709,54.86600846262342,2
11,020,1413,110201413,313,564,55.49645390070922,2
11,020,1414,110201414,865,1737,49.798503166378815,4
11,020,1415,110201415,818,1527,53.5690897184021,4
11,020,1416,110201416,292,624,46.794871794871796,2
11,020,1417,110201417,262,459,57.08061002178649,2
11,020,1418,110201418,235,442,53.16742081447964,1
11,020,1419,110201419,106,229,46.288209606986904,1
11,020,1420,110201420,117,262,44.656488549618324,1
11,020,1421,110201421,225,425,52.94117647058824,1
11,020,1422,110201422,185,298,62.08053691275168,1
11,020,1423,110201423,121,225,53.77777777777778,1
11,020,1424,110201424,150,317,47.3186119873817,1
11,020,1425,110201425,156,342,45.614035087719294,1
11,020,1426,110201426,152,292,52.054794520547944,1
11,020,1427,110201427,205,361,56.78670360110804,1
11,020,1428,110201428,219,421,52.01900237529691,1
11,020,1429,110201429,97,240,40.416666666666664,1
11,020,1430,110201430,195,343,56.85131195335277,1
11,020,1431,110201431,116,240,48.333333333333336,1
11,020,1432,110201432,128,250,51.2,1
11,020,1433,110201433,171,305,56.0655737704918,1
11,020,1434,110201434,139,309,44.983818770226534,1
11,020,1435,110201435,153,342,44.73684210526316,1
11,020,1436,110201436,286,639,44.75743348982786,2
11,020,1437,110201437,591,1017,58.11209439528023,2
11,020,1438,110201438,523,913,57.283680175246445,3
11,020,1439,110201439,487,745,65.36912751677852,2
11,020,1440,110201440,394,643,61.27527216174183,2
11,020,1441,110201441,117,224,52.23214285714286,1
11,020,1442,110201442,123,269,45.72490706319702,1
11,020,1443,110201443,139,313,44.40894568690096,1
11,020,1444,110201444,136,266,51.127819548872175,1
11,020,1445,110201445,90,191,47.12041884816754,1
11,020,1446,110201446,182,322,56.52173913043478,1
11,020,1447,110201447,163,329,49.544072948328264,1
11,020,1448,110201448,174,343,50.72886297376093,1
11,020,1449,110201449,100,206,48.54368932038835,1
11,020,1450,110201450,1167,2037,57.2901325478645,5
11,020,1451,110201451,374,785,47.64331210191083,2
11,020,1452,110201452,345,698,49.4269340974212,2
11,020,1453,110201453,448,928,48.275862068965516,2
11,020,1454,110201454,144,229,62.882096069869,1
11,020,1455,110201455,119,233,51.072961373390555,1
11,020,1456,110201456,204,393,51.908396946564885,1
11,020,1457,110201457,111,226,49.11504424778761,1
11,020,1458,110201458,86,204,42.15686274509804,1
11,020,1459,110201459,198,389,50.899742930591266,1
11,020,1460,110201460,193,354,54.51977401129944,1
11,020,1461,110201461,334,571,58.49387040280211,2
11,020,1462,110201462,145,273,53.11355311355312,1
11,020,1463,110201463,203,422,48.1042654028436,1
11,020,1464,110201464,197,344,57.26744186046512,1
11,020,1465,110201465,231,497,46.478873239436616,2
11,020,1466,110201466,225,401,56.10972568578554,1
11,020,1467,110201467,311,546,56.959706959706956,2
11,020,1468,110201468,367,808,45.42079207920792,3
11,020,1469,110201469,244,391,62.40409207161125,2
11,020,1470,110201470,82,120,68.33333333333333,1
11,020,1471,110201471,45,80,56.25,1
11,020,1472,110201472,172,246,69.91869918699187,2
11,020,1473,110201473,753,1245,60.48192771084337,3
11,020,1474,110201474,198,363,54.54545454545454,2
11,020,1475,110201475,123,208,59.13461538461539,1
11,020,1476,110201476,82,140,58.57142857142858,1
11,020,1478,110201478,379,504,75.1984126984127,2
11,020,1479,110201479,455,1271,35.798583792289534,3
11,020,1480,110201480,605,1208,50.08278145695364,4
11,020,1481,110201481,1069,2375,45.01052631578947,6
11,020,1482,110201482,122,385,31.68831168831169,2
11,020,1483,110201483,625,1232,50.730519480519476,7
11,020,1485,110201485,677,1257,53.858392999204455,5
11,020,1486,110201486,163,324,50.308641975308646,2
11,020,1487,110201487,797,1524,52.29658792650918,5
11,020,1488,110201488,250,503,49.70178926441352,2
11,020,1489,110201489,1151,2322,49.569336778639105,8
11,020,1491,110201491,705,1579,44.648511716276126,6
11,020,1492,110201492,943,1988,47.43460764587525,7
11,020,1497,110201497,341,921,37.02497285559175,3
11,020,1498,110201498,214,471,45.43524416135881,2
11,020,1499,110201499,389,691,56.295224312590456,2
11,020,1501,110201501,630,1366,46.120058565153734,5
11,020,1502,110201502,913,2071,44.084983099951714,8
11,020,1503,110201503,149,298,50.0,1
11,020,1504,110201504,558,1261,44.25059476605868,5
11,020,1505,110201505,186,419,44.39140811455847,2
11,020,1506,110201506,261,715,36.5034965034965,3
11,020,1507,110201507,194,260,74.61538461538461,2
11,020,1511,110201511,366,604,60.59602649006622,2
11,020,1512,110201512,290,543,53.40699815837937,2
11,020,1513,110201513,385,688,55.9593023255814,2
11,020,1514,110201514,225,372,60.483870967741936,1
11,020,1515,110201515,321,489,65.6441717791411,1
11,020,1516,110201516,450,689,65.31204644412192,2
11,020,1517,110201517,429,698,61.46131805157593,2
11,020,1518,110201518,515,921,55.91748099891423,3
11,020,1519,110201519,452,623,72.55216693418942,2
11,020,1520,110201520,244,330,73.93939393939394,1
11,020,1521,110201521,229,368,62.22826086956522,1
11,020,1522,110201522,229,503,45.52683896620278,2
11,020,1523,110201523,213,452,47.123893805309734,1
11,020,1524,110201524,261,444,58.78378378378378,1
11,020,1525,110201525,256,504,50.79365079365079,2
11,020,1526,110201526,367,620,59.193548387096776,2
11,020,1527,110201527,283,417,67.86570743405275,1
11,020,1528,110201528,344,511,67.31898238747553,1
11,020,1529,110201529,444,694,63.976945244956774,2
11,020,1530,110201530,389,702,55.41310541310541,2
11,020,1531,110201531,365,740,49.32432432432432,2
11,020,1532,110201532,505,940,53.72340425531915,2
11,020,1533,110201533,381,699,54.506437768240346,2
11,020,1534,110201534,345,639,53.990610328638496,2
11,020,1535,110201535,208,326,63.80368098159509,2
11,020,1536,110201536,0,0,,1
11,020,1537,110201537,366,679,53.90279823269514,2
11,020,1538,110201538,0,0,,2
11,020,1539,110201539,301,594,50.67340067340067,2
11,020,1540,110201540,244,454,53.74449339207048,2
11,020,1541,110201541,184,326,56.44171779141104,1
11,020,1542,110201542,141,279,50.53763440860215,1
11,020,1543,110201543,253,525,48.19047619047619,2
11,020,1544,110201544,241,397,60.70528967254408,1
11,020,1545,110201545,315,506,62.25296442687747,2
11,020,1546,110201546,327,618,52.9126213592233,2
11,020,1547,110201547,480,856,56.074766355140184,2
11,020,1548,110201548,518,859,60.30267753201397,2
11,020,1549,110201549,204,414,49.275362318840585,1
11,020,1550,110201550,202,400,50.5,1
11,020,1551,110201551,153,318,48.113207547169814,1
11,020,1552,110201552,371,804,46.14427860696517,2
11,020,1553,110201553,329,618,53.23624595469255,2
11,020,1554,110201554,350,662,52.87009063444109,2
11,020,1555,110201555,310,603,51.40961857379768,2
11,020,1556,110201556,293,621,47.18196457326892,2
11,020,1557,110201557,324,655,49.46564885496183,2
11,020,1558,110201558,459,978,46.93251533742331,3
11,020,1559,110201559,446,829,53.79975874547648,2
11,020,1560,110201560,256,589,43.463497453310694,2
11,020,1561,110201561,840,1544,54.40414507772021,3
11,020,1562,110201562,429,854,50.23419203747073,2
11,020,1563,110201563,347,627,55.34290271132376,2
11,020,1564,110201564,448,773,57.95601552393273,2
11,020,1565,110201565,377,708,53.24858757062147,2
11,020,1566,110201566,419,913,45.89266155531216,2
11,020,1567,110201567,373,796,46.85929648241206,2
11,020,1568,110201568,259,523,49.521988527724666,2
11,020,1569,110201569,280,609,45.97701149425287,2
11,020,1570,110201570,514,800,64.25,3
11,020,1571,110201571,163,340,47.94117647058824,1
11,020,1572,110201572,208,374,55.61497326203209,1
11,020,1573,110201573,157,315,49.84126984126984,1
11,020,1574,110201574,384,648,59.25925925925925,2
11,020,1575,110201575,310,567,54.673721340388006,3
11,020,1576,110201576,308,495,62.22222222222222,1
11,020,1577,110201577,303,591,51.26903553299492,2
11,020,1578,110201578,205,395,51.89873417721519,1
11,020,1579,110201579,160,296,54.054054054054056,1
11,020,1580,110201580,181,326,55.52147239263804,1
11,020,1581,110201581,488,896,54.46428571428571,2
11,020,1582,110201582,334,616,54.22077922077923,2
11,020,1583,110201583,568,1079,52.64133456904542,3
11,020,1584,110201584,307,609,50.41050903119869,2
11,020,1585,110201585,1657,3433,48.26682202155549,8
11,020,1586,110201586,373,705,52.90780141843972,2
11,020,1587,110201587,326,645,50.542635658914726,2
11,020,1588,110201588,330,682,48.38709677419355,3
11,020,1589,110201589,412,852,48.35680751173709,2
11,020,1590,110201590,451,941,47.92773645058448,3
11,020,1591,110201591,509,1077,47.26090993500464,3
11,020,1592,110201592,358,710,50.42253521126761,2
11,020,1593,110201593,402,789,50.950570342205324,3
11,020,1594,110201594,393,789,49.80988593155893,2
11,020,1595,110201595,287,557,51.526032315978455,2
11,020,1596,110201596,329,637,51.64835164835166,2
11,020,1597,110201597,194,364,53.2967032967033,1
11,020,1598,110201598,288,564,51.06382978723404,2
11,020,1599,110201599,223,456,48.90350877192983,2
11,020,1600,110201600,267,571,46.760070052539405,2
11,020,1601,110201601,297,607,48.92915980230643,2
11,020,1602,110201602,165,330,50.0,1
11,020,1603,110201603,391,759,51.515151515151516,2
11,020,1604,110201604,1000,1907,52.43838489774515,5
11,020,1605,110201605,303,691,43.849493487698986,2
11,020,1606,110201606,297,534,55.61797752808989,2
11,020,1607,110201607,212,383,55.35248041775457,1
11,020,1608,110201608,289,583,49.57118353344768,2
11,020,1609,110201609,401,737,54.409769335142464,2
11,020,1610,110201610,329,599,54.92487479131887,2
11,020,1611,110201611,362,959,37.747653806047964,3
11,020,1612,110201612,424,848,50.0,3
11,020,1613,110201613,1794,3504,51.1986301369863,8
11,020,1615,110201615,252,528,47.72727272727273,2
11,020,1616,110201616,310,633,48.973143759873615,2
11,020,1617,110201617,489,988,49.49392712550607,3
11,020,1618,110201618,148,619,23.909531502423263,2
11,020,1619,110201619,346,680,50.882352941176464,2
11,020,1620,110201620,1535,3184,48.209798994974875,9
11,020,1621,110201621,340,722,47.091412742382275,2
11,020,1622,110201622,197,434,45.39170506912442,1
11,020,1623,110201623,317,641,49.453978159126365,2
11,020,1624,110201624,289,543,53.22283609576427,2
11,020,1625,110201625,289,664,43.52409638554217,3
11,020,1626,110201626,698,1279,54.573885848319,3
11,020,1627,110201627,651,1272,51.17924528301887,4
11,020,1628,110201628,288,531,54.23728813559322,2
11,020,1629,110201629,473,1025,46.146341463414636,3
11,020,1630,110201630,306,641,47.737909516380654,2
11,020,1631,110201631,839,1883,44.55655868295273,6
11,020,1635,110201635,956,1912,50.0,5
11,020,1636,110201636,249,494,50.40485829959515,2
11,020,1637,110201637,269,602,44.6843853820598,2
11,020,1638,110201638,202,524,38.54961832061068,2
11,020,1639,110201639,261,666,39.189189189189186,2
11,020,1640,110201640,211,439,48.063781321184514,2
11,020,1641,110201641,1194,2482,48.10636583400483,7
11,020,1645,110201645,734,1532,47.911227154047,5
11,020,1646,110201646,723,1600,45.1875,5
11,020,1648,110201648,208,342,60.81871345029239,1
11,020,1649,110201649,395,1095,36.07305936073059,3
11,020,1650,110201650,340,961,35.37981269510926,3
11,020,1651,110201651,541,1022,52.935420743639924,4
11,020,1652,110201652,478,1633,29.271279853031228,7
11,020,1653,110201653,1001,1733,57.761107905366416,5
11,020,1654,110201654,482,864,55.78703703703704,3
11,020,1655,110201655,457,923,49.512459371614305,3
11,020,1656,110201656,279,535,52.149532710280376,2
11,020,1657,110201657,414,884,46.83257918552036,3
11,020,1658,110201658,982,2158,45.50509731232623,7
11,020,1659,110201659,314,550,57.09090909090909,2
11,020,1660,110201660,277,636,43.55345911949686,2
11,020,1661,110201661,430,894,48.09843400447427,3
11,020,1662,110201662,521,1117,46.64279319606088,4
11,020,1663,110201663,697,1056,66.00378787878788,3
11,020,1664,110201664,657,1252,52.47603833865815,4
11,020,1665,110201665,760,1337,56.84367988032909,4
11,020,1666,110201666,190,365,52.054794520547944,1
11,020,1667,110201667,546,1433,38.10188415910677,4
11,020,1668,110201668,389,791,49.17825537294564,3
11,020,1669,110201669,341,763,44.69200524246396,3
11,020,1670,110201670,140,471,29.723991507431,2
11,020,1671,110201671,255,495,51.515151515151516,2
11,020,1672,110201672,466,929,50.16146393972013,3
11,020,1673,110201673,265,489,54.19222903885481,2
11,020,1674,110201674,981,1899,51.65876777251185,5
11,020,1675,110201675,1030,2022,50.939663699307616,5
11,020,1676,110201676,458,836,54.78468899521531,2
11,020,1677,110201677,958,1865,51.367292225201076,6
11,020,1678,110201678,319,587,54.34412265758092,2
11,020,1679,110201679,426,713,59.74754558204769,2
11,020,1680,110201680,420,736,57.065217391304344,2
11,020,1682,110201682,404,745,54.22818791946309,2
11,020,1683,110201683,362,596,60.738255033557046,2
11,020,1684,110201684,226,455,49.67032967032967,1
11,020,1685,110201685,228,399,57.14285714285714,1
11,020,1686,110201686,342,567,60.317460317460316,2
11,020,1688,110201688,284,526,53.99239543726235,2
11,020,1689,110201689,475,825,57.57575757575758,2
11,020,1690,110201690,577,1069,53.9756782039289,3
11,020,1691,110201691,456,877,51.995438996579246,2
11,020,1692,110201692,531,973,54.573484069886945,3
11,020,1693,110201693,519,852,60.91549295774647,2
11,020,1694,110201694,1238,1691,73.21111768184507,4
11,020,1695,110201695,1192,1836,64.92374727668845,4
11,020,1696,110201696,552,1029,53.64431486880466,3
11,020,1697,110201697,1454,2276,63.884007029876976,5
11,020,1698,110201698,543,742,73.18059299191376,2
11,020,1699,110201699,376,572,65.73426573426573,2
11,020,1700,110201700,686,1056,64.96212121212122,2
11,020,1701,110201701,405,635,63.77952755905512,2
11,020,1702,110201702,819,1103,74.2520398912058,2
11,020,1703,110201703,98,160,61.25000000000001,1
11,020,1704,110201704,508,695,73.09352517985612,2
11,020,1705,110201705,497,710,70.0,2
11,020,1706,110201706,384,644,59.62732919254658,2
11,020,1707,110201707,216,380,56.84210526315789,1
11,020,1708,110201708,570,847,67.29634002361276,2
11,020,1709,110201709,463,878,52.73348519362187,2
11,020,1710,110201710,376,681,55.21292217327459,2
11,020,1711,110201711,2325,3246,71.62661737523105,6
11,020,1712,110201712,213,339,62.83185840707964,1
11,020,1713,110201713,445,690,64.4927536231884,2
11,020,1714,110201714,472,674,70.02967359050444,2
11,020,1715,110201715,435,656,66.3109756097561,2
11,020,1716,110201716,363,571,63.57267950963222,1
11,020,1717,110201717,379,580,65.3448275862069,2
11,020,1718,110201718,386,670,57.611940298507456,2
11,020,1719,110201719,444,798,55.639097744360896,2
11,020,1720,110201720,315,571,55.166374781085814,2
11,020,1721,110201721,410,748,54.81283422459893,2
11,020,1722,110201722,408,776,52.57731958762887,2
11,020,1723,110201723,406,791,51.32743362831859,2
11,020,1724,110201724,302,641,47.113884555382214,2
11,020,1725,110201725,210,344,61.04651162790697,1
11,020,1726,110201726,282,596,47.31543624161073,2
11,020,1727,110201727,316,618,51.1326860841424,2
11,020,1728,110201728,286,432,66.20370370370371,1
11,020,1729,110201729,332,583,56.946826758147516,3
11,020,1730,110201730,295,530,55.660377358490564,2
11,020,1731,110201731,476,956,49.7907949790795,3
11,020,1732,110201732,534,996,53.6144578313253,3
11,020,1733,110201733,530,1000,53.0,3
11,020,1734,110201734,421,759,55.467720685111985,2
11,020,1735,110201735,270,601,44.92512479201331,2
11,020,1736,110201736,232,470,49.361702127659576,2
11,020,1737,110201737,299,525,56.952380952380956,2
11,020,1738,110201738,191,396,48.23232323232323,1
11,020,1739,110201739,414,715,57.90209790209791,2
11,020,1740,110201740,306,551,55.53539019963702,2
11,020,1741,110201741,930,1652,56.295399515738495,5
11,020,1742,110201742,335,627,53.42902711323764,2
11,020,1743,110201743,190,332,57.22891566265061,1
11,020,1744,110201744,353,581,60.75731497418244,2
11,020,1745,110201745,393,818,48.044009779951104,2
11,020,1746,110201746,284,532,53.383458646616546,2
11,020,1747,110201747,915,1649,55.48817465130382,5
11,020,1748,110201748,449,789,56.907477820025356,2
11,020,1749,110201749,288,600,48.0,2
11,020,1750,110201750,321,591,54.314720812182735,2
11,020,1751,110201751,397,730,54.38356164383562,2
11,020,1752,110201752,393,730,53.83561643835616,2
11,020,1753,110201753,580,948,61.18143459915611,3
11,020,1754,110201754,418,774,54.00516795865633,2
11,020,1755,110201755,388,665,58.34586466165413,2
11,020,1756,110201756,335,588,56.97278911564626,2
11,020,1757,110201757,162,290,55.86206896551724,1
11,020,1758,110201758,346,606,57.0957095709571,2
11,020,1759,110201759,409,781,52.368758002560824,2
11,020,1760,110201760,475,824,57.64563106796117,2
11,020,1761,110201761,284,519,54.72061657032755,2
11,020,1762,110201762,267,501,53.293413173652695,2
11,020,1763,110201763,319,541,58.9648798521257,2
11,020,1764,110201764,370,680,54.41176470588235,2
11,020,1765,110201765,391,707,55.3041018387553,2
11,020,1766,110201766,370,705,52.4822695035461,2
11,020,1767,110201767,424,712,59.55056179775281,2
11,020,1768,110201768,432,835,51.73652694610779,3
11,020,1769,110201769,368,705,52.198581560283685,2
11,020,1770,110201770,506,903,56.035437430786274,3
11,020,1771,110201771,352,619,56.865912762520196,2
11,020,1772,110201772,202,419,48.21002386634845,1
11,020,1773,110201773,598,1033,57.889641819941914,3
11,020,1774,110201774,423,774,54.65116279069767,2
11,020,1775,110201775,378,693,54.54545454545454,2
11,020,1776,110201776,217,402,53.98009950248757,1
11,020,1777,110201777,249,496,50.201612903225815,2
11,020,1778,110201778,188,390,48.205128205128204,1
11,020,1779,110201779,283,571,49.56217162872154,2
11,020,1780,110201780,334,689,48.47605224963715,2
11,020,1781,110201781,283,596,47.48322147651007,2
11,020,1782,110201782,366,652,56.13496932515337,2
11,020,1783,110201783,305,563,54.174067495559505,2
11,020,1784,110201784,259,500,51.800000000000004,2
11,020,1785,110201785,279,542,51.476014760147606,2
11,020,1786,110201786,405,721,56.171983356449374,2
11,020,1787,110201787,969,1843,52.57731958762887,5
11,020,1788,110201788,179,355,50.42253521126761,1
11,020,1789,110201789,290,537,54.00372439478585,2
11,020,1790,110201790,276,538,51.301115241635685,2
11,020,1791,110201791,303,648,46.75925925925926,2
11,020,1792,110201792,324,727,44.56671251719395,2
11,020,1793,110201793,223,483,46.16977225672878,2
11,020,1794,110201794,2005,3783,53.00026434047053,9
11,020,1795,110201795,375,670,55.970149253731336,2
11,020,1796,110201796,350,653,53.59877488514548,2
11,020,1797,110201797,280,580,48.275862068965516,2
11,020,1798,110201798,239,435,54.94252873563218,1
11,020,1799,110201799,166,341,48.68035190615836,1
11,020,1800,110201800,292,575,50.78260869565218,2
11,020,1801,110201801,217,438,49.54337899543379,2
11,020,1802,110201802,487,836,58.25358851674641,2
11,020,1803,110201803,474,908,52.20264317180616,3
11,020,1804,110201804,292,475,61.473684210526315,1
11,020,1805,110201805,352,557,63.19569120287253,1
11,020,1806,110201806,226,466,48.497854077253216,2
11,020,1807,110201807,244,434,56.22119815668203,2
11,020,1808,110201808,141,296,47.63513513513514,1
11,020,1809,110201809,1624,3184,51.005025125628144,8
11,020,1810,110201810,318,622,51.12540192926045,2
11,020,1811,110201811,311,519,59.92292870905588,2
11,020,1812,110201812,120,245,48.97959183673469,1
11,020,1813,110201813,997,1467,67.96182685753239,3
11,020,1814,110201814,448,875,51.2,3
11,020,1815,110201815,175,326,53.68098159509203,1
11,020,1816,110201816,454,686,66.1807580174927,2
11,020,1817,110201817,379,639,59.31142410015649,2
11,020,1818,110201818,291,629,46.26391096979332,2
11,020,1819,110201819,101,259,38.996138996138995,1
11,020,1820,110201820,128,294,43.53741496598639,1
11,020,1821,110201821,146,364,40.10989010989011,1
11,020,1823,110201823,365,664,54.96987951807228,2
11,020,1824,110201824,260,538,48.3271375464684,2
11,020,1825,110201825,262,496,52.82258064516129,2
11,020,1826,110201826,451,784,57.525510204081634,2
11,020,1827,110201827,638,1036,61.58301158301158,2
11,020,1828,110201828,366,621,58.93719806763285,2
11,020,1829,110201829,381,621,61.35265700483091,2
11,020,1830,110201830,273,530,51.509433962264154,2
11,020,1831,110201831,407,711,57.24331926863573,2
11,020,1832,110201832,452,788,57.360406091370564,3
11,020,1833,110201833,308,566,54.416961130742045,2
11,020,1834,110201834,297,551,53.901996370235935,2
11,020,1835,110201835,308,550,56.00000000000001,2
11,020,1836,110201836,238,485,49.072164948453604,2
11,020,1837,110201837,390,703,55.47652916073969,2
11,020,1838,110201838,385,715,53.84615384615385,2
11,020,1839,110201839,409,751,54.460719041278296,2
11,020,1840,110201840,379,678,55.899705014749266,2
11,020,1841,110201841,401,685,58.54014598540146,2
11,020,1842,110201842,368,696,52.87356321839081,2
11,020,1843,110201843,174,370,47.02702702702703,1
11,020,1844,110201844,227,437,51.94508009153318,2
11,020,1845,110201845,319,569,56.06326889279437,2
11,020,1846,110201846,944,1699,55.56209535020601,4
11,020,1847,110201847,1080,2017,53.544868616757554,5
11,020,1848,110201848,322,612,52.614379084967325,2
11,020,1849,110201849,348,676,51.4792899408284,2
11,020,1850,110201850,285,535,53.271028037383175,2
11,020,1851,110201851,343,641,53.51014040561623,2
11,020,1852,110201852,373,703,53.058321479374115,2
11,020,1853,110201853,341,623,54.73515248796148,2
11,020,1854,110201854,364,714,50.98039215686274,2
11,020,1855,110201855,302,579,52.15889464594128,2
11,020,1856,110201856,484,823,58.80923450789793,2
11,020,1857,110201857,640,1065,60.093896713615024,3
11,020,1858,110201858,493,876,56.278538812785385,2
11,020,3006,110203006,327,691,47.32272069464544,2
11,020,3007,110203007,510,929,54.897739504843926,2
11,020,3008,110203008,216,405,53.333333333333336,2
11,020,3009,110203009,290,564,51.41843971631206,2
11,020,3010,110203010,406,769,52.79583875162549,2
11,020,3011,110203011,285,660,43.18181818181818,2
11,020,3012,110203012,311,598,52.0066889632107,2
11,020,3013,110203013,286,613,46.6557911908646,2
11,020,3014,110203014,320,669,47.832585949177876,2
11,020,3016,110203016,126,315,40.0,2
11,020,3017,110203017,303,597,50.753768844221106,2
11,020,3018,110203018,279,543,51.38121546961326,2
11,020,3019,110203019,317,627,50.558213716108455,2
11,020,3020,110203020,411,739,55.61569688768606,2
11,020,3021,110203021,217,449,48.329621380846326,2
11,020,3022,110203022,221,478,46.23430962343097,2
11,020,3023,110203023,215,462,46.53679653679654,2
11,020,3024,110203024,279,652,42.79141104294479,2
11,020,3025,110203025,211,426,49.53051643192488,2
11,020,3026,110203026,306,682,44.868035190615835,2
11,020,3027,110203027,315,678,46.46017699115044,2
11,020,3028,110203028,230,495,46.464646464646464,2
11,020,3029,110203029,310,625,49.6,2
11,020,3030,110203030,216,548,39.416058394160586,2
11,020,3031,110203031,105,218,48.1651376146789,1
11,020,3032,110203032,253,380,66.57894736842105,1
11,020,3033,110203033,144,282,51.06382978723404,1
11,020,3034,110203034,215,447,48.09843400447427,2
11,020,3035,110203035,100,237,42.19409282700422,1
11,020,3036,110203036,176,374,47.05882352941176,1
11,020,3037,110203037,232,325,71.38461538461539,1
11,020,3038,110203038,240,477,50.314465408805034,2
11,020,3039,110203039,237,538,44.05204460966542,2
11,020,3040,110203040,165,356,46.348314606741575,1
11,020,3041,110203041,175,330,53.03030303030303,1
11,020,3042,110203042,257,456,56.35964912280702,1
11,020,3043,110203043,234,431,54.292343387471,1
11,020,3044,110203044,229,393,58.269720101781175,1
11,020,3045,110203045,265,438,60.50228310502283,1
11,020,3046,110203046,231,431,53.596287703016245,1
11,020,3047,110203047,249,429,58.04195804195804,1
11,020,3048,110203048,194,323,60.06191950464397,1
11,020,3049,110203049,192,356,53.93258426966292,1
11,020,3050,110203050,168,352,47.72727272727273,1
11,020,3051,110203051,111,337,32.93768545994065,1
11,020,3052,110203052,227,417,54.43645083932853,1
11,020,3053,110203053,229,426,53.755868544600936,1
11,020,3054,110203054,150,405,37.03703703703704,1
11,020,3055,110203055,146,332,43.97590361445783,1
11,020,3056,110203056,210,336,62.5,1
11,020,3057,110203057,163,374,43.58288770053476,1
11,020,3058,110203058,143,249,57.42971887550201,1
11,020,3059,110203059,135,355,38.028169014084504,1
11,020,3060,110203060,168,388,43.29896907216495,1
11,020,3061,110203061,157,344,45.63953488372093,1
11,020,3062,110203062,164,373,43.96782841823057,1
11,020,3063,110203063,109,279,39.06810035842294,1
11,020,3064,110203064,135,297,45.45454545454545,1
11,020,3065,110203065,156,368,42.391304347826086,1
11,020,3066,110203066,143,290,49.310344827586206,1
11,020,3067,110203067,165,317,52.05047318611987,1
11,020,3068,110203068,139,311,44.69453376205787,1
11,020,3069,110203069,347,694,50.0,2
11,020,3070,110203070,129,290,44.48275862068966,1
11,020,3071,110203071,170,358,47.486033519553075,2
11,020,3072,110203072,128,213,60.093896713615024,1
11,020,3073,110203073,146,401,36.408977556109726,2
11,020,3074,110203074,167,403,41.43920595533499,2
11,020,3075,110203075,167,247,67.61133603238866,1
11,020,3076,110203076,148,359,41.22562674094708,2
11,020,3077,110203077,185,388,47.680412371134025,2
11,020,3078,110203078,148,301,49.16943521594684,1
11,020,3079,110203079,225,422,53.317535545023695,1
11,020,3080,110203080,152,316,48.10126582278481,1
11,020,3081,110203081,252,490,51.42857142857142,2
11,020,3082,110203082,110,289,38.062283737024224,1
11,020,3083,110203083,143,310,46.12903225806452,1
11,020,3084,110203084,136,297,45.79124579124579,1
11,020,3085,110203085,143,300,47.66666666666667,1
11,020,3086,110203086,173,364,47.527472527472526,2
11,020,3087,110203087,145,295,49.152542372881356,1
11,020,3088,110203088,128,300,42.66666666666667,1
11,020,3089,110203089,171,340,50.294117647058826,2
11,020,3090,110203090,138,299,46.15384615384615,1
11,020,3091,110203091,115,293,39.249146757679185,1
11,020,3092,110203092,174,392,44.38775510204081,2
11,020,3093,110203093,131,328,39.9390243902439,2
11,020,3094,110203094,128,253,50.59288537549407,1
11,020,3095,110203095,116,257,45.13618677042802,1
11,020,3096,110203096,191,359,53.2033426183844,2
11,020,3097,110203097,100,203,49.26108374384236,1
11,020,3098,110203098,137,254,53.937007874015755,1
11,020,3099,110203099,154,277,55.5956678700361,1
11,020,3100,110203100,145,288,50.34722222222222,1
11,020,3101,110203101,111,265,41.88679245283019,1
11,020,3121,110203121,424,797,53.19949811794228,3
11,020,3122,110203122,309,631,48.96988906497623,2
11,020,3123,110203123,392,843,46.500593119810205,3
11,020,3124,110203124,389,826,47.09443099273607,2
11,020,3125,110203125,366,740,49.45945945945946,2
11,020,3126,110203126,342,680,50.294117647058826,2
11,020,3127,110203127,468,862,54.292343387471,3
11,020,3128,110203128,641,1304,49.15644171779141,4
11,020,3129,110203129,490,994,49.29577464788733,3
11,020,3130,110203130,568,1151,49.348392701998264,4
11,020,3131,110203131,380,791,48.040455120101136,2
11,020,3132,110203132,339,648,52.31481481481482,2
11,020,3133,110203133,210,373,56.30026809651475,2
11,020,3134,110203134,254,550,46.18181818181818,2
11,020,3135,110203135,289,634,45.58359621451104,3
11,020,3136,110203136,214,439,48.747152619589976,2
11,020,3137,110203137,199,403,49.37965260545906,2
11,020,3138,110203138,227,535,42.429906542056074,2
11,020,3139,110203139,227,515,44.07766990291262,2
11,020,3140,110203140,265,654,40.51987767584097,2
11,020,3141,110203141,172,425,40.470588235294116,2
11,020,3142,110203142,335,707,47.38330975954738,2
11,020,3143,110203143,385,769,50.06501950585176,2
11,020,3144,110203144,242,483,50.103519668737064,2
11,020,3145,110203145,214,426,50.23474178403756,2
11,020,3146,110203146,226,448,50.44642857142857,2
11,020,3147,110203147,193,465,41.50537634408602,2
11,020,3148,110203148,735,1328,55.346385542168676,3
11,020,3149,110203149,219,488,44.87704918032787,2
11,020,3150,110203150,220,524,41.98473282442748,2
11,020,3151,110203151,288,598,48.16053511705686,2
11,020,3152,110203152,165,339,48.67256637168141,2
11,020,3153,110203153,183,418,43.7799043062201,2
11,020,3154,110203154,251,607,41.35090609555189,3
